tick,pid,exit_state,contact_pid
0,85036,var1E,-1
0,476724,var1E,-1
0,905518,var1E,-1
0,1538503,var1E,-1
0,1943869,var1E,-1
0,2219148,var1E,-1
0,2394359,var1E,-1
0,2619696,var1E,-1
0,3377618,var1E,-1
0,3707347,var1E,-1
0,3819828,var1E,-1
0,4531896,var1E,-1
0,4766490,var1E,-1
0,5189821,var1E,-1
0,5360711,var1E,-1
0,5995029,var1E,-1
0,6292228,var1E,-1
0,6672595,var1E,-1
0,7044335,var1E,-1
0,7643709,var1E,-1
1,79829,var1E,-1
1,539339,var1E,-1
1,966516,var1E,-1
1,1654964,var1E,-1
1,1887245,var1E,-1
1,2301848,var1E,-1
1,2574744,var1E,-1
1,2649536,var1E,-1
1,3532042,var1E,-1
1,3667121,var1E,-1
1,3765667,var1E,-1
1,4569445,var1E,-1
1,4811454,var1E,-1
1,5113744,var1E,-1
1,5429992,var1E,-1
1,5876676,var1E,-1
1,6271944,var1E,-1
1,6689508,var1E,-1
1,6986884,var1E,-1
1,7529441,var1E,-1
2,65972,var1E,-1
2,556464,var1E,-1
2,942710,var1E,-1
2,1532549,var1E,-1
2,1952029,var1E,-1
2,2389168,var1E,-1
2,2441989,var1E,-1
2,2604574,var1E,-1
2,3435755,var1E,-1
2,3662879,var1E,-1
2,3871541,var1E,-1
2,4659374,var1E,-1
2,4739512,var1E,-1
2,5055536,var1E,-1
2,5372975,var1E,-1
2,5978381,var1E,-1
2,6439714,var1E,-1
2,6817727,var1E,-1
2,6950518,var1E,-1
2,7640719,var1E,-1
3,91493,var1E,-1
3,85036,var1Iasymp,-1
3,476724,var1Iasymp,-1
3,498324,var1E,-1
3,805454,var1E,-1
3,1608710,var1E,-1
3,1942731,var1E,-1
3,2337511,var1E,-1
3,2433547,var1E,-1
3,2618745,var1E,-1
3,3382370,var1E,-1
3,3702309,var1E,-1
3,3819828,var1Isymp,-1
3,3875996,var1E,-1
3,4651994,var1E,-1
3,4766490,var1Isymp,-1
3,4739864,var1E,-1
3,5132919,var1E,-1
3,5345290,var1E,-1
3,5962407,var1E,-1
3,6272840,var1E,-1
3,6662296,var1E,-1
3,6974750,var1E,-1
3,7539007,var1E,-1
4,164439,var1E,-1
4,450116,var1E,-1
4,877790,var1E,-1
4,1620799,var1E,-1
4,1887245,var1Isymp,-1
4,1996953,var1E,-1
4,2219148,var1Isymp,-1
4,2349448,var1E,-1
4,2432923,var1E,-1
4,2764916,var1E,-1
4,3388625,var1E,-1
4,3587289,var1E,-1
4,3707347,var1Isymp,-1
4,3789009,var1E,-1
4,4569445,var1Isymp,-1
4,4638709,var1E,-1
4,4569445,var1R,-1
4,4673427,var1E,-1
4,5207207,var1E,-1
4,5414440,var1E,-1
4,5995029,var1Isymp,-1
4,5971142,var1E,-1
4,6393618,var1E,-1
4,6689508,var1Isymp,-1
4,6857539,var1E,-1
4,6689508,var1R,-1
4,6900062,var1E,-1
4,7535389,var1E,-1
5,17974,var1E,-1
5,539339,var1Iasymp,-1
5,450192,var1E,-1
5,781133,var1E,-1
5,1538503,var1Iasymp,-1
5,1592880,var1E,-1
5,1943869,var1Isymp,-1
5,1862367,var1E,-1
5,2336740,var1E,-1
5,2399685,var1E,-1
5,2649536,var1Isymp,-1
5,2619696,var1Isymp,-1
5,2666518,var1E,-1
5,2604574,var1Isymp,-1
5,3477477,var1E,-1
5,3733497,var1E,-1
5,3799095,var1E,-1
5,3765667,var1Isymp,-1
5,4621249,var1E,-1
5,4782049,var1E,-1
5,5173889,var1E,-1
5,5113744,var1Isymp,-1
5,5306185,var1E,-1
5,5360711,var1Isymp,-1
5,5414440,var1Isymp,-1
5,5995014,var1E,-1
5,6398414,var1E,-1
5,6854102,var1E,-1
5,6986884,var1Isymp,-1
5,6920553,var1E,-1
5,6950518,var1Iasymp,-1
5,7497077,var1E,-1
5,7643709,var1Isymp,-1
6,34727,var1E,-1
6,556464,var1Iasymp,-1
6,493425,var1E,-1
6,927219,var1E,-1
6,905518,var1Isymp,-1
6,966516,var1Isymp,-1
6,1654964,var1Isymp,-1
6,1561369,var1E,-1
6,1860677,var1E,-1
6,2214083,var1E,-1
6,2337511,var1Isymp,-1
6,2574744,var1Isymp,-1
6,2441989,var1Iasymp,-1
6,2526870,var1E,-1
6,2394359,var1Isymp,-1
6,2618745,var1Isymp,-1
6,2779082,var1E,-1
6,3532042,var1Iasymp,-1
6,3405349,var1E,-1
6,3665246,var1E,-1
6,3908366,var1E,-1
6,3765667,var1R,-1
6,3819828,var1R,-1
6,4497955,var1E,-1
6,4531896,var1Isymp,-1
6,4801166,var1E,-1
6,4766490,var1R,-1
6,5206505,var1E,-1
6,5113744,var1R,-1
6,5189821,var1Iasymp,-1
6,5113843,var1E,5113744
6,5250787,var1E,-1
6,5372975,var1Isymp,-1
6,5993393,var1E,-1
6,5876676,var1Isymp,-1
6,5995029,var1R,-1
6,5995029,S,-1
6,6422371,var1E,-1
6,6292228,var1Isymp,-1
6,6672595,var1Isymp,-1
6,6817727,var1Isymp,-1
6,6863452,var1E,6986884
6,6838541,var1E,-1
6,7056678,var1E,-1
6,7044335,var1Iasymp,-1
6,7643709,var1R,-1
6,7529441,var1Iasymp,-1
6,7501074,var1E,-1
7,65972,var1Isymp,-1
7,134241,var1E,-1
7,79829,var1Isymp,-1
7,380291,var1E,-1
7,905518,var1R,-1
7,843065,var1E,-1
7,966516,var1R,-1
7,1532549,var1Iasymp,-1
7,1620799,var1Isymp,-1
7,1613144,var1E,-1
7,1538503,var1R,-1
7,1987494,var1E,-1
7,1952029,var1Isymp,-1
7,2301848,var1Isymp,-1
7,2219148,var1R,-1
7,2218261,var1E,-1
7,2459887,var1E,-1
7,2619696,var1R,-1
7,2591298,var1E,-1
7,3377618,var1Isymp,-1
7,3426153,var1E,-1
7,3707346,var1E,3707347
7,3578659,var1E,-1
7,3667121,var1Iasymp,-1
7,3882925,var1E,-1
7,4580171,var1E,-1
7,4811454,var1Iasymp,-1
7,4800189,var1E,-1
7,5209573,var1E,-1
7,5420630,var1E,-1
7,5345290,var1Isymp,-1
7,5429992,var1Iasymp,-1
7,6000965,var1E,-1
7,5978381,var1Isymp,-1
7,6402731,var1E,-1
7,6272840,var1Iasymp,-1
7,6271944,var1Isymp,-1
7,6272840,var1R,-1
7,6777122,var1E,-1
7,6931492,var1E,-1
7,7571148,var1E,-1
7,7640719,var1Iasymp,-1
8,84402,var1E,-1
8,421161,var1E,-1
8,450116,var1Isymp,-1
8,498324,var1Iasymp,-1
8,792522,var1E,-1
8,805454,var1Iasymp,-1
8,942710,var1Isymp,-1
8,1608710,var1Iasymp,-1
8,1591618,var1E,-1
8,1942731,var1Isymp,-1
8,1996953,var1Iasymp,-1
8,1952123,var1E,-1
8,2378463,var1E,-1
8,2389168,var1Isymp,-1
8,2432923,var1Isymp,-1
8,2394359,var1R,-1
8,2433547,var1Isymp,-1
8,2574744,var1R,-1
8,2533631,var1E,-1
8,2613301,var1E,-1
8,2764916,var1Isymp,-1
8,3380465,var1E,-1
8,3435755,var1Isymp,-1
8,3569301,var1E,-1
8,3587289,var1Isymp,-1
8,3702309,var1Isymp,-1
8,3662879,var1Isymp,-1
8,3871541,var1Iasymp,-1
8,3875996,var1Iasymp,-1
8,3819040,var1E,-1
8,4659374,var1Isymp,-1
8,4638709,var1Iasymp,-1
8,4546993,var1E,-1
8,4679206,var1E,-1
8,4739864,var1Isymp,-1
8,4673427,var1Iasymp,-1
8,4739512,var1Iasymp,-1
8,5224383,var1E,-1
8,5429992,var1R,-1
8,5345290,var1R,-1
8,5319258,var1E,-1
8,6036516,var1E,-1
8,5962407,var1Isymp,-1
8,5971142,var1Isymp,-1
8,6299961,var1E,-1
8,6273395,var1E,6271944
8,6439714,var1Isymp,-1
8,6732934,var1E,-1
8,6662296,var1Isymp,-1
8,7089017,var1E,-1
8,6974750,var1Isymp,-1
8,6986884,var1R,-1
8,6900062,var1Iasymp,-1
8,7539007,var1Isymp,-1
8,7497077,var1Isymp,-1
8,7535389,var1Iasymp,-1
8,7530467,var1E,-1
8,7539007,var1R,-1
9,172042,var1E,-1
9,91493,var1Isymp,-1
9,494673,var1E,-1
9,792254,var1E,-1
9,877790,var1Isymp,-1
9,1514788,var1E,1654964
9,1666184,var1E,-1
9,1740056,var1E,3435755
9,1942770,var1E,-1
9,2342430,var1E,2337511
9,2341801,var1E,2337511
9,2370958,var1E,-1
9,2301848,var1R,-1
9,2408274,var1E,-1
9,2526870,var1Isymp,-1
9,2399685,var1Isymp,-1
9,2732545,var1E,-1
9,2666518,var1Isymp,-1
9,3435754,var1E,3435755
9,3483394,var1E,-1
9,3532042,var1R,-1
9,3382370,var1Iasymp,-1
9,3711979,var1E,3702309
9,3551410,var1E,-1
9,3667121,var1R,-1
9,3871541,var1R,-1
9,3788654,var1E,-1
9,4588538,var1E,-1
9,4651994,var1Iasymp,-1
9,4651994,var1R,-1
9,4697090,var1E,-1
9,5132919,var1Iasymp,-1
9,5055536,var1Isymp,-1
9,5206505,var1Isymp,-1
9,5103078,var1E,-1
9,5420792,var1E,-1
9,5922819,var1E,-1
9,5962407,var1R,-1
9,5995014,var1Iasymp,-1
9,5995014,var1R,-1
9,6446461,var1E,-1
9,6857539,var1Isymp,-1
9,6815995,var1E,-1
9,6854102,var1Iasymp,-1
9,6920666,var1E,-1
9,7349847,var1E,7497077
9,7677686,var1E,-1
10,17974,var1Isymp,-1
10,34727,var1Iasymp,-1
10,164439,var1Iasymp,-1
10,91493,var1R,-1
10,493425,var1Isymp,-1
10,498324,var1R,-1
10,869598,var1E,877790
10,1620133,var1E,1620799
10,1592880,var1Isymp,-1
10,1987494,var1Isymp,-1
10,1862367,var1Isymp,-1
10,2389168,var1R,-1
10,2369910,var1E,2389168
10,2336740,var1Iasymp,-1
10,2349448,var1Iasymp,-1
10,2433547,var1R,-1
10,3388625,var1Isymp,-1
10,3665246,var1Isymp,-1
10,3733497,var1Iasymp,-1
10,3707346,var1Iasymp,-1
10,4497955,var1Isymp,-1
10,4659374,var1R,-1
10,4621249,var1Iasymp,-1
10,4649291,var1E,4638709
10,5173889,var1Isymp,-1
10,5207207,var1Iasymp,-1
10,5420630,var1Iasymp,-1
10,5250787,var1Iasymp,-1
10,5372975,var1R,-1
10,5306185,var1Isymp,-1
10,6216304,var1E,498324
10,6393618,var1Isymp,-1
10,6689508,S,-1
10,7056678,var1Iasymp,-1
10,6920553,var1Isymp,-1
10,6900062,var1R,-1
10,7501074,var1Iasymp,-1
10,7535389,var1R,-1
11,85036,var1R,-1
11,134241,var1Isymp,-1
11,17974,var1R,-1
11,170126,var1E,164439
11,84402,var1Isymp,-1
11,450192,var1Isymp,-1
11,556464,var1R,-1
11,781133,var1Isymp,-1
11,843065,var1Iasymp,-1
11,927219,var1Isymp,-1
11,942710,var1R,-1
11,1943869,var1R,-1
11,1955826,var1E,1943869
11,2214083,var1Isymp,-1
11,2526870,var1R,-1
11,2591298,var1Iasymp,-1
11,2613062,var1E,2618745
11,3426153,var1Iasymp,-1
11,3405349,var1Isymp,-1
11,3477477,var1Iasymp,-1
11,3799095,var1Iasymp,-1
11,3789009,var1Isymp,-1
11,3908366,var1Iasymp,-1
11,3882925,var1Iasymp,-1
11,4801166,var1Isymp,-1
11,4800189,var1Isymp,-1
11,4679206,var1Isymp,-1
11,4782049,var1Isymp,-1
11,4737264,var1E,4739512
11,4800189,var1R,-1
11,5113843,var1Isymp,-1
11,5207207,var1R,-1
11,5189821,var1R,-1
11,5132919,var1R,-1
11,5306185,var1R,-1
11,5993393,var1Isymp,-1
11,6000965,var1Isymp,-1
11,6402731,var1Iasymp,-1
11,6398414,var1Isymp,-1
11,6838541,var1Iasymp,-1
11,6732934,var1Iasymp,-1
11,6854102,var1R,-1
11,6974750,var1R,-1
11,7528654,var1E,7497077
11,7497077,var1R,-1
12,134241,var1R,-1
12,84401,var1E,84402
12,450116,var1R,-1
12,459281,var1E,450192
12,421161,var1Isymp,-1
12,380291,var1Isymp,-1
12,476724,var1R,-1
12,805454,var1R,-1
12,1075311,var1E,2432923
12,1438690,var1E,1862367
12,1860677,var1Iasymp,-1
12,1996953,var1R,-1
12,2218261,var1Iasymp,-1
12,2206590,var1E,1987494
12,2779082,var1Isymp,-1
12,3405352,var1E,3405349
12,3578659,var1Isymp,-1
12,4580171,var1Iasymp,-1
12,4638709,var1R,-1
12,4801166,var1R,-1
12,4811453,var1E,4811454
12,5209573,var1Isymp,-1
12,5182822,var1E,5173889
12,5420792,var1Iasymp,-1
12,5594161,var1E,84402
12,5876676,var1R,-1
12,6380292,var1E,6402731
12,6269875,var1E,6271944
12,6273395,var1Isymp,-1
12,6422371,var1Iasymp,-1
12,6777122,var1Isymp,-1
12,6662296,var1R,-1
12,6931492,var1Isymp,-1
12,7530467,var1Isymp,-1
13,172042,var1Isymp,-1
13,65972,var1R,-1
13,494673,var1Isymp,-1
13,1514788,var1Isymp,-1
13,1613144,var1Isymp,-1
13,1591618,var1Isymp,-1
13,1535180,var1E,1987494
13,1561369,var1Isymp,-1
13,2335088,var1E,2337511
13,2370958,var1Isymp,-1
13,2408274,var1Iasymp,-1
13,2432923,var1R,-1
13,2459887,var1Iasymp,-1
13,2613301,var1Isymp,-1
13,2951142,var1E,2764916
13,3382370,var1R,-1
13,3380465,var1Isymp,-1
13,3477477,var1R,-1
13,3702309,var1R,-1
13,3799095,var1R,-1
13,3819040,var1Iasymp,-1
13,4621249,var1R,-1
13,4588538,var1Isymp,-1
13,4546993,var1Iasymp,-1
13,5224383,var1Isymp,-1
13,5206505,var1R,-1
13,5224383,var1R,-1
13,5420792,var1R,-1
13,6036516,var1Iasymp,-1
13,6000965,var1R,-1
13,5922819,var1Isymp,-1
13,6299961,var1Isymp,-1
13,6446461,var1Isymp,-1
13,6271944,var1R,-1
13,6863452,var1Iasymp,-1
13,6838541,var1R,-1
13,7089017,var1Isymp,-1
13,6950518,var1R,-1
13,7571148,var1Iasymp,-1
14,83161,var1E,84402
14,380287,var1E,380291
14,401707,var1E,380291
14,450808,var1E,450192
14,792522,var1Iasymp,-1
14,869598,var1Isymp,-1
14,1209629,var1E,1592880
14,1666184,var1Isymp,-1
14,1518271,var1E,1514788
14,1942770,var1Iasymp,-1
14,1942770,var1R,-1
14,2378463,var1Iasymp,-1
14,2341801,var1Iasymp,-1
14,2369910,var1Isymp,-1
14,2342430,var1Iasymp,-1
14,2533631,var1Isymp,-1
14,2618745,var1R,-1
14,3483394,var1Iasymp,-1
14,3435754,var1Iasymp,-1
14,3569301,var1Isymp,-1
14,3788654,var1Isymp,-1
14,3789009,var1R,-1
14,4673427,var1R,-1
14,4730470,var1E,4739512
14,5075751,var1E,5055536
14,5207207,S,-1
14,5103078,var1Isymp,-1
14,5319258,var1Iasymp,-1
14,5587138,var1E,6672595
14,6216304,var1Isymp,-1
14,6068483,var1E,5420630
14,6393618,var1R,-1
14,6817727,var1R,-1
14,6920666,var1Isymp,-1
14,6920553,var1R,-1
14,7677686,var1Isymp,-1
14,7640719,var1R,-1
15,104180,var1E,6672595
15,421161,var1R,-1
15,792254,var1Iasymp,-1
15,877790,var1R,-1
15,1075311,var1Iasymp,-1
15,1613144,var1R,-1
15,1608710,var1R,-1
15,1621672,var1E,1620799
15,2336740,var1R,-1
15,2341801,var1R,-1
15,2370960,var1E,2370958
15,2591298,var1R,-1
15,3405349,var1R,-1
15,3377617,var1E,3377618
15,3631470,var1E,2337511
15,3551410,var1Iasymp,-1
15,3578659,var1R,-1
15,3711979,var1Isymp,-1
15,3789009,S,-1
15,3908366,var1R,-1
15,4649291,var1Isymp,-1
15,5113744,S,-1
15,5594161,var1Isymp,-1
15,6036516,var1R,-1
15,5978381,var1R,-1
15,5923833,var1E,5922819
15,6446461,var1R,-1
15,6402731,var1R,-1
15,6815995,var1Isymp,-1
15,7349847,var1Isymp,-1
15,7520353,var1E,7530467
15,7513181,var1E,7529441
16,170126,var1Isymp,-1
16,172042,var1R,-1
16,493425,var1R,-1
16,594566,var1E,2604574
16,1620133,var1Iasymp,-1
16,1740056,var1Iasymp,-1
16,1952123,var1Isymp,-1
16,1860677,var1R,-1
16,2335088,var1Iasymp,-1
16,2613301,var1R,-1
16,2769719,var1E,2764916
16,2732545,var1Isymp,-1
16,3377618,var1R,-1
16,3551410,var1R,-1
16,3707346,var1R,-1
16,3819828,S,-1
16,4497955,var1R,-1
16,4811453,var1Iasymp,-1
16,4697090,var1Iasymp,-1
16,5114110,var1E,5113843
16,5103078,var1R,-1
16,5925822,var1E,1952029
16,5920716,var1E,5922819
16,6422371,var1R,-1
16,6273395,var1R,-1
16,6815995,var1R,-1
16,6789905,var1E,6777122
17,34727,var1R,-1
17,84401,var1Isymp,-1
17,208544,var1E,1862367
17,459281,var1Isymp,-1
17,927219,var1R,-1
17,1075311,var1R,-1
17,1181156,var1E,2604574
17,1438690,var1Isymp,-1
17,1514788,var1R,-1
17,1887251,var1E,1887245
17,1955826,var1Iasymp,-1
17,1987494,var1R,-1
17,2337512,var1E,2337511
17,2369910,var1R,-1
17,2732894,var1E,2732545
17,2613062,var1Iasymp,-1
17,3405352,var1Isymp,-1
17,3733497,var1R,-1
17,3714489,var1E,3707347
17,4730470,var1Iasymp,-1
17,4782049,var1R,-1
17,4739512,var1R,-1
17,4737264,var1Isymp,-1
17,4739868,var1E,4739864
17,4737264,var1R,-1
17,5055536,var1R,-1
17,5360712,var1E,5360711
17,5414440,var1R,-1
17,6216304,var1R,-1
17,6269875,var1Iasymp,-1
17,7528654,var1Isymp,-1
18,79829,var1R,-1
18,36325,var1E,5594161
18,83161,var1Iasymp,-1
18,170128,var1E,170126
18,459281,var1R,-1
18,380291,var1R,-1
18,792254,var1R,-1
18,792254,S,-1
18,1209629,var1Iasymp,-1
18,1516354,var1E,1654964
18,2206590,var1Isymp,-1
18,2408274,var1R,-1
18,2764915,var1E,2764916
18,3382448,var1E,3405352
18,3380465,var1R,-1
18,3612688,var1E,3405352
18,3658899,var1E,3662879
18,3882925,var1R,-1
18,4580171,var1R,-1
18,5182822,var1Iasymp,-1
18,5934738,var1E,1438690
18,7056678,var1R,-1
18,6915477,var1E,6931492
18,7530467,var1R,-1
18,7677683,var1E,7677686
19,84401,var1R,-1
19,170126,var1R,-1
19,380287,var1Isymp,-1
19,539339,var1R,-1
19,792522,var1R,-1
19,1535180,var1Iasymp,-1
19,1654963,var1E,1654964
19,1621672,var1Isymp,-1
19,1653787,var1E,1862367
19,1887245,var1R,-1
19,1887249,var1E,1887245
19,2178550,var1E,3569301
19,2349448,var1R,-1
19,2370960,var1Isymp,-1
19,2378463,var1R,-1
19,2432923,S,-1
19,2613066,var1E,2613062
19,2951142,var1Iasymp,-1
19,3414422,var1E,3388625
19,3483394,var1R,-1
19,3712013,var1E,3711979
19,4588538,var1R,-1
19,4811454,var1R,-1
19,4679206,var1R,-1
19,4697090,var1R,-1
19,5189821,S,-1
19,5113841,var1E,5113843
19,5182822,var1R,-1
19,5075751,var1Isymp,-1
19,5587138,var1Isymp,-1
19,6068483,var1Iasymp,-1
19,6300613,var1E,6299961
19,6380292,var1Iasymp,-1
19,7513181,var1Isymp,-1
19,7520353,var1Iasymp,-1
20,104180,var1Isymp,-1
20,450808,var1Iasymp,-1
20,594566,var1Isymp,-1
20,885794,var1E,869598
20,781133,var1R,-1
20,1621673,var1E,1621672
20,1518271,var1Isymp,-1
20,1561369,var1R,-1
20,2030988,var1E,1862367
20,2337511,var1R,-1
20,2370958,var1R,-1
20,2206590,var1R,-1
20,2441989,var1R,-1
20,2771633,var1E,2764916
20,2604574,var1R,-1
20,3405352,var1R,-1
20,4281010,var1E,1862367
20,4399410,var1E,1952123
20,4739868,var1Isymp,-1
20,4811453,var1R,-1
20,5114110,var1Isymp,-1
20,5360711,var1R,-1
20,5501540,var1E,1862367
20,5971142,var1R,-1
20,5925822,var1Isymp,-1
20,5932937,var1E,5922819
20,5923833,var1Isymp,-1
20,6299961,var1R,-1
20,6732934,var1R,-1
20,7459774,var1E,7528654
20,7528654,var1R,-1
20,7531402,var1E,7520353
20,7513181,var1R,-1